score;utc;subreddit
1615;1616278459.0;wallstreetbets
1613;1616278459.0;wallstreetbets
21483;1616228968.0;wallstreetbets
35209;1616185812.0;wallstreetbets
1311;1616212817.0;wallstreetbets
458;1616201111.0;wallstreetbets
1165;1616176817.0;wallstreetbets
184;1616188513.0;wallstreetbets
25977;1616099413.0;wallstreetbets
16;1616212816.0;CanadianInvestor
1152;1616126413.0;wallstreetbets
33;1616176817.0;CanadianInvestor
789;1616114715.0;wallstreetbets
1069;1616090420.0;wallstreetbets
1;1616203370.0;ModSupport
180;1616102113.0;wallstreetbets
26931;1616013013.0;wallstreetbets
24;1616126415.0;CanadianInvestor
1261;1616040016.0;wallstreetbets
22;1616090418.0;CanadianInvestor
356;1616028320.0;wallstreetbets
1228;1616004013.0;wallstreetbets
231;1616015718.0;wallstreetbets
28405;1615926620.0;wallstreetbets
16;1616040016.0;CanadianInvestor
1323;1615953613.0;wallstreetbets
166;1615986076.0;wallstreetbets
29;1616004014.0;CanadianInvestor
1331;1615917612.0;wallstreetbets
262;1615941918.0;wallstreetbets
211;1615929316.0;wallstreetbets
29387;1615840218.0;wallstreetbets
1724;1615867224.0;wallstreetbets
10;1615953613.0;CanadianInvestor
31;1615917611.0;CanadianInvestor
1694;1615831213.0;wallstreetbets
397;1615855522.0;wallstreetbets
290;1615842915.0;wallstreetbets
19;1615867220.0;CanadianInvestor
2005;1615780819.0;wallstreetbets
23;1615831212.0;CanadianInvestor
29;1615775412.0;CanadianInvestor
7912;1615628362.0;wallstreetbets
28986;1615584614.0;wallstreetbets
2607;1615611616.0;wallstreetbets
627;1615599913.0;wallstreetbets
1408;1615575617.0;wallstreetbets
385;1615587318.0;wallstreetbets
14650;1615510814.0;wallstreetbets
28387;1615498219.0;wallstreetbets
1614;1615525217.0;wallstreetbets
15;1615611614.0;CanadianInvestor
2109;1615513513.0;wallstreetbets
22;1615575617.0;CanadianInvestor
1743;1615489219.0;wallstreetbets
655;1615500916.0;wallstreetbets
47718;1615426521.0;wallstreetbets
48231;1615411811.0;wallstreetbets
2279;1615438814.0;wallstreetbets
15;1615525218.0;CanadianInvestor
23;1615489219.0;CanadianInvestor
2401;1615402816.0;wallstreetbets
379;1615414521.0;wallstreetbets
29952;1615325412.0;wallstreetbets
2171;1615352416.0;wallstreetbets
12;1615438813.0;CanadianInvestor
27;1615402815.0;CanadianInvestor
958;1615328121.0;wallstreetbets
1810;1615316416.0;wallstreetbets
31010;1615239021.0;wallstreetbets
20;1615352416.0;CanadianInvestor
1898;1615266015.0;wallstreetbets
1099;1615241717.0;wallstreetbets
18;1615316416.0;CanadianInvestor
1735;1615230014.0;wallstreetbets
211;1615240821.0;wallstreetbets
129;1615241717.0;wallstreetbets
21;1615266015.0;CanadianInvestor
1467;1615179620.0;wallstreetbets
29;1615230014.0;CanadianInvestor
17;1615174212.0;CanadianInvestor
23046;1614979818.0;wallstreetbets
9688;1614979211.0;wallstreetbets
1936;1615006820.0;wallstreetbets
1526;1614982515.0;wallstreetbets
1302;1614970823.0;wallstreetbets
239;1614982515.0;wallstreetbets
167;1614981616.0;wallstreetbets
24561;1614893421.0;wallstreetbets
15;1615006819.0;CanadianInvestor
1549;1614920417.0;wallstreetbets
2570;1614897016.0;wallstreetbets
38;1614970823.0;CanadianInvestor
1395;1614884412.0;wallstreetbets
548;1614896112.0;wallstreetbets
28;1614920417.0;CanadianInvestor
29325;1614805466.0;wallstreetbets
1701;1614834021.0;wallstreetbets
31;1614884412.0;CanadianInvestor
1488;1614798014.0;wallstreetbets
44122;1614756080.0;wallstreetbets
20;1614834020.0;CanadianInvestor
2202;1614747618.0;wallstreetbets
9;1614829834.0;ModSupport
20;1614798013.0;CanadianInvestor
1471;1614732424.0;wallstreetbets
1790;1614711615.0;wallstreetbets
1791;1614661215.0;wallstreetbets
16;1614747617.0;CanadianInvestor
0;1614895220.0;wallstreetbets
15;1614711615.0;CanadianInvestor
1707;1614625217.0;wallstreetbets
28;1614661214.0;CanadianInvestor
2170;1614574812.0;wallstreetbets
35;1614625216.0;CanadianInvestor
0;1614805644.0;wallstreetbets
3;1614625216.0;CanadianOptions
114;1614545929.0;CanadianInvestor
11;1614569413.0;CanadianInvestor
12828;1614388096.0;wallstreetbets
3244;1614402020.0;wallstreetbets
20049;1614366882.0;wallstreetbets
1911;1614366020.0;wallstreetbets
26777;1614303631.0;wallstreetbets
3185;1614315616.0;wallstreetbets
26;1614402019.0;CanadianInvestor
32066;1614286959.0;wallstreetbets
71;1614366021.0;CanadianInvestor
3724;1614279614.0;wallstreetbets
6057;1614229237.0;wallstreetbets
28;1614315615.0;CanadianInvestor
30198;1614205498.0;wallstreetbets
28;1614279614.0;CanadianInvestor
1428;1614193222.0;wallstreetbets
4;1614298722.0;ModSupport
25209;1614117606.0;wallstreetbets
17;1614229236.0;CanadianInvestor
1073;1614142812.0;wallstreetbets
4208;1614113662.0;wallstreetbets
27;1614193222.0;CanadianInvestor
1118;1614106812.0;wallstreetbets
26;1614142812.0;CanadianInvestor
1381;1614056413.0;wallstreetbets
14808;1614019325.0;wallstreetbets
46;1614106812.0;CanadianInvestor
994;1614020418.0;wallstreetbets
40;1614056413.0;CanadianInvestor
1425;1613970014.0;wallstreetbets
3742;1613944018.0;wallstreetbets
32;1614020418.0;CanadianInvestor
6;1613970014.0;CanadianInvestor
1883;1613797260.0;wallstreetbets
595;1613792004.0;BestOfReports
1059;1613761216.0;wallstreetbets
5512;1613707270.0;wallstreetbets
1433;1613710821.0;wallstreetbets
3;1613807672.0;snifftest
44;1613761215.0;CanadianInvestor
1322;1613674815.0;wallstreetbets
1233;1613624418.0;wallstreetbets
29;1613674813.0;CanadianInvestor
37128;1613546668.0;wallstreetbets
896;1613588419.0;wallstreetbets
1219;1613538015.0;wallstreetbets
47;1613588418.0;CanadianInvestor
1170;1613502018.0;wallstreetbets
1464;1613451624.0;wallstreetbets
48;1613502017.0;CanadianInvestor
276;1613415621.0;wallstreetbets
183;1613365217.0;wallstreetbets
5;1613415620.0;CanadianInvestor
3468;1613192423.0;wallstreetbets
1407;1613156424.0;wallstreetbets
42;1613192423.0;CanadianInvestor
2129;1613106023.0;wallstreetbets
34;1613156423.0;CanadianInvestor
18661;1613038968.0;wallstreetbets
2303;1613070023.0;wallstreetbets
3673;1613019615.0;wallstreetbets
55;1613070021.0;CanadianInvestor
197;1613041585.0;zjzfeet
1945;1612983614.0;wallstreetbets
1;1613113976.0;ModSupport
2671;1612933223.0;wallstreetbets
48;1612983614.0;CanadianInvestor
1553;1612897215.0;wallstreetbets
2341;1612846823.0;wallstreetbets
49;1612897214.0;CanadianInvestor
1737;1612810819.0;wallstreetbets
29;1612846821.0;CanadianInvestor
2685;1612760414.0;wallstreetbets
40;1612810817.0;CanadianInvestor
4870;1612587616.0;wallstreetbets
3857;1612551616.0;wallstreetbets
4896;1612515298.0;wallstreetbets
37;1612587614.0;CanadianInvestor
38;1612551615.0;CanadianInvestor
20;1612501216.0;CanadianInvestor
44;1612465221.0;CanadianInvestor
31;1612414820.0;CanadianInvestor
27;1612378811.0;CanadianInvestor
36;1612328418.0;CanadianInvestor
18977;1612193638.0;wallstreetbets
38;1612292424.0;CanadianInvestor
6618;1612189270.0;wallstreetbets
29906;1612170805.0;wallstreetbets
562;1612190585.0;wallstreetbets
25;1612242021.0;CanadianInvestor
46;1612206017.0;CanadianInvestor
6;1612206016.0;CanadianOptions
5;1612182236.0;help
50607;1611988157.0;wallstreetbets
27962;1611984206.0;wallstreetbets
19731;1611977296.0;wallstreetbets
7563;1611975530.0;wallstreetbets
30650;1611954687.0;wallstreetbets
9032;1611886244.0;wallstreetbets
40;1611982821.0;CanadianInvestor
15700;1611874080.0;wallstreetbets
9578;1611878895.0;wallstreetbets
8522;1611873142.0;wallstreetbets
33;1611946816.0;CanadianInvestor
36692;1611804368.0;wallstreetbets
24594;1611786821.0;wallstreetbets
3225;1611805147.0;wallstreetbets
25;1611896423.0;CanadianInvestor
47;1611860414.0;CanadianInvestor
11058;1611755624.0;wallstreetbets
15400;1611723240.0;wallstreetbets
44;1611810012.0;CanadianInvestor
69;1611817898.0;ModSupport
40;1611774018.0;CanadianInvestor
27;1611723617.0;CanadianInvestor
19;1611713247.0;ModSupport
27;1611687614.0;CanadianInvestor
16;1611637216.0;CanadianInvestor
48;1611601218.0;CanadianInvestor
2886;1611378854.0;wallstreetbets
20;1611378019.0;CanadianInvestor
22;1611342017.0;CanadianInvestor
9;1611291617.0;CanadianInvestor
24;1611255615.0;CanadianInvestor
20;1611205218.0;CanadianInvestor
36;1611169214.0;CanadianInvestor
29;1611118815.0;CanadianInvestor
33;1611082823.0;CanadianInvestor
18;1611032418.0;CanadianInvestor
26;1610996425.0;CanadianInvestor
28;1610773216.0;CanadianInvestor
31;1610737215.0;CanadianInvestor
12;1610686817.0;CanadianInvestor
21;1610650820.0;CanadianInvestor
532;1610518871.0;finance
10;1610600415.0;CanadianInvestor
25;1610564419.0;CanadianInvestor
16;1610514018.0;CanadianInvestor
23;1610478013.0;CanadianInvestor
11;1610427619.0;CanadianInvestor
26;1610391615.0;CanadianInvestor
24;1610168420.0;CanadianInvestor
27;1610132425.0;CanadianInvestor
1211;1609993796.0;wallstreetbets
11;1610082016.0;CanadianInvestor
25;1610046016.0;CanadianInvestor
18;1609995615.0;CanadianInvestor
33;1609959614.0;CanadianInvestor
19;1609909226.0;CanadianInvestor
2;1609527617.0;CanadianOptions
346;1609304416.0;wallstreetbets
353;1609268411.0;wallstreetbets
412;1609218012.0;wallstreetbets
2;1609308748.0;help
398;1609182013.0;wallstreetbets
455;1609131615.0;wallstreetbets
1491;1608890523.0;wallstreetbets
1159;1608054923.0;wallstreetbets
77;1607722585.0;ModSupport
1318;1607488016.0;wallstreetbets
298;1607303786.0;wallstreetbets
2;1606633528.0;snifftest
269;1604797519.0;wallstreetbets
272;1604575828.0;wallstreetbets
165;1604525766.0;wallstreetbets
272;1604475177.0;wallstreetbets
199;1604464598.0;wallstreetbets
16;1599263557.0;wallstreetbets
1;1594963371.0;bugs
13;1592370056.0;bugs
29;1592287766.0;wallstreetbets
2;1591766374.0;bugs
1;1591686710.0;redditrequest
1197;1591236096.0;wallstreetbets
1;1591271597.0;redditmobile
1;1591238380.0;bugs
2;1588822321.0;ModSupport
1;1588823093.0;bugs
491;1586551728.0;wallstreetbets
155;1583310256.0;wallstreetbets
485;1582410135.0;wallstreetbets
411;1582183317.0;Calgary
10;1581491923.0;wallstreetbets
2;1581514040.0;u_OPINION_IS_UNPOPULAR
31;1573627460.0;FPandA
7;1573627675.0;FPandA
8;1569536230.0;ModSupport
2;1568764706.0;FPandA
226;1568431012.0;wallstreetbets
188;1568335477.0;ModSupport
0;1568337338.0;wallstreetbets
33;1568170834.0;wallstreetbets
1014;1567645092.0;wallstreetbets
8063;1566951758.0;wallstreetbets
15;1567035690.0;FPandA
150;1566426898.0;wallstreetbets
10;1566019903.0;LiteraryAnalysis
7;1566019672.0;LiteraryAnalysis
142;1565841863.0;wallstreetbets
2;1565669723.0;help
364;1565324659.0;wallstreetbets
6;1565229434.0;ModSupport
2;1565145875.0;ModSupport
23092;1564387788.0;wallstreetbets
32;1564377557.0;lgv20
191;1562740018.0;wallstreetbets
0;1562377404.0;modhelp
2;1561418214.0;sheets
5;1560993964.0;modhelp
235;1558608889.0;wallstreetbets
80;1557867118.0;FulfillmentByAmazon
9;1555651603.0;ModSupport
174;1555541760.0;wallstreetbets
18;1555542347.0;modlimit
2;1555547531.0;bugs
8;1554945465.0;wallstreetbets
1089;1554775585.0;wallstreetbets
1354;1554409008.0;wallstreetbets
104;1554360580.0;modhelp
46031;1554177370.0;wallstreetbets
165;1554170292.0;wallstreetbets
82;1552008873.0;wallstreetbets
45;1551610261.0;wallstreetbets
187;1550872974.0;wallstreetbets
6;1550124552.0;SQL
160;1549499454.0;wallstreetbets
1;1546496008.0;learnprogramming
3;1546330955.0;excel
5519;1545532743.0;wallstreetbets
186;1544832833.0;wallstreetbets
138;1544435471.0;wallstreetbets
3;1543189635.0;cars
246;1542007785.0;wallstreetbets
586;1540792265.0;wallstreetbets
5;1482151011.0;bestof2016
72;1482031831.0;wallstreetbets
87;1481580996.0;wallstreetbets
12;1481340098.0;bestof2016
2862;1481155491.0;BestOfReports
95;1481097730.0;wallstreetbets
1;1481084542.0;snifftest
22;1480641442.0;conspiracy
13;1480649104.0;startups
12;1480647690.0;smallbusiness
8;1480514719.0;IsWSBPrivateAgain
29;1480470056.0;wallstreetbets
284;1479970715.0;wallstreetbets
42;1479623976.0;trackers
41;1479262412.0;wallstreetbets
390;1479169930.0;wallstreetbets
30;1479194646.0;wallstreetbets
43;1478730364.0;wallstreetbets
7535;1478467581.0;savedyouaclick
4;1478464551.0;savedyouaclick
14;1477442769.0;blackmirror
11;1477379169.0;blackmirror
5;1477136429.0;shutdown
2;1477084256.0;HighRiskTrading
5;1476087870.0;advancedentrepreneur
390;1475156844.0;wallstreetbets
3;1473815655.0;Entrepreneur
613;1473120018.0;funny
133;1463836927.0;me_irl
2;1455514646.0;6degreesof
101;1453352518.0;wallstreetbets
9;1452027928.0;wallstreetbets
29;1450870871.0;wallstreetbets
28;1450574527.0;television
635;1450411157.0;wallstreetbets
148;1450234666.0;movies
94;1447981917.0;wallstreetbets
4;1438733169.0;peasant
8;1436952447.0;wallstreetbets